Workbook

Sheet xlookup,wildcards
A1: Student Name | B1: Subject | C1: Marks | D1: Grade | E1: Roll No | G1: Q4. How to perform a wildcard lookup (like names starting with A)?
A2: Asma | B2: English | C2: 87 | D2: A | E2: 101 | G2: Wild cards
A3: Shaik | B3: Maths | C3: 75 | D3: B+ | E3: 102 | G3: Sometimes, you don’t know the full name — maybe only part of it (like “R”).
A4: Manha | B4: Science | C4: 92 | D4: A+ | E4: 103 | G4: That’s when wildcards (* or ?) help.
A5: Taqi | B5: History | C5: 68 | D5: B | E5: 104
A6: Danish | B6: English | C6: 80 | D6: A | E6: 105 | G6: Wildcard | H6: Meaning
A7: Saniya | B7: Maths | C7: 95 | D7: A+ | E7: 106 | G7: * | H7: any number of characters
A8: Zoya | B8: Science | C8: 70 | D8: B | E8: 107 | G8: ? | H8: one single character
A9: Rehan | B9: English | C9: 60 | D9: C | E9: 108 | G9: "R*" → means any name starting with R
A10: Ahmed | B10: History | C10: 85 | D10: A | E10: 109
A11: Rida | B11: Science | C11: 78 | D11: B+ | E11: 110 | G11: A2:A11 → Student Name column (lookup array)
G13: C2:C11 → Marks column (return array)
A14: 💡 Practice Questions:
G15: "Not Found" → shown if no match found
A16: 1. Use XLOOKUP to find the Marks of "Manha". | B16: =_xlfn.XLOOKUP(A4,A1:A11,C1:C11,"not found",0) -> 92
G17: 0 → exact match
A18: 2. Find the Subject of the student "Saniya". | B18: =_xlfn.XLOOKUP(A7,A2:A11,B2:B11,"not found",0) -> Maths
G19: 2 → allows wildcard search
A20: 3. Find the Grade of the student with Roll No = 108. | B20: =_xlfn.XLOOKUP(E9,E2:E11,D2:D11,"",0) -> C
G21: =_xlfn.XLOOKUP("A*",A2:A11,C2:C11,"Not found") -> Not found
A22: 4. If "Asma"’s marks are missing, return "Not Found". | B22: =_xlfn.XLOOKUP(A2,A2:A11,C2:C11,"not found",0) -> 87
A24: 5. Use XLOOKUP with wildcard to search for "R*" (to find Rida). | B24: =_xlfn.XLOOKUP("R*",A2:A11,C2:C11,"Not found",0) -> Not found

Sheet NA errors xlookup
A1: 🧾 Table 1 — Roll Numbers | E1: 🧾 Table 2 — Student Grades
A3: Roll No | B3: Student Name | E3: Student Name | F3: Grade
A4: 101 | B4: Asma | C4: =_xlfn.XLOOKUP(B4,E4:E13,F4:F13) -> A | E4: Asma | F4: A | G4: =_xlfn.XLOOKUP(E4,B4:B13,A4:A13,"not found",0) -> 101
A5: 102 | B5: Shaik | C5: =_xlfn.XLOOKUP(B5,E5:E14,F5:F14) -> B+ | E5: Shaik | F5: B+ | G5: =_xlfn.XLOOKUP(E5,B5:B14,A5:A14,"not found",0) -> 102
A6: 103 | B6: Manha | C6: =_xlfn.XLOOKUP(B6,E6:E15,F6:F15) -> A+ | E6: Manha | F6: A+ | G6: =_xlfn.XLOOKUP(E6,B6:B15,A6:A15,"not found",0) -> 103
A7: 104 | B7: Taqi | C7: =_xlfn.XLOOKUP(B7,E7:E16,F7:F16) -> B | E7: Taqi | F7: B | G7: =_xlfn.XLOOKUP(E7,B7:B16,A7:A16,"not found",0) -> 104
A8: 105 | B8: Danish | C8: =_xlfn.XLOOKUP(B8,E8:E17,F8:F17) -> A | E8: Danish | F8: A | G8: =_xlfn.XLOOKUP(E8,B8:B17,A8:A17,"not found",0) -> 105
A9: 106 | B9: Saniya | C9: =_xlfn.XLOOKUP(B9,E9:E18,F9:F18) -> A+ | E9: Saniya | F9: A+ | G9: =_xlfn.XLOOKUP(E9,B9:B18,A9:A18,"not found",0) -> 106
A10: 107 | B10: Zoya | C10: =_xlfn.XLOOKUP(B10,E10:E19,F10:F19) -> B | E10: Zoya | F10: B | G10: =_xlfn.XLOOKUP(E10,B10:B19,A10:A19,"not found",0) -> 107
A11: 108 | B11: Rehan | C11: =_xlfn.XLOOKUP(B11,E11:E20,F11:F20) -> C | E11: Rehan | F11: C | G11: =_xlfn.XLOOKUP(E11,B11:B20,A11:A20,"not found",0) -> 108
A12: 109 | B12: Ahmed | C12: =_xlfn.XLOOKUP(B12,E12:E21,F12:F21) -> A | E12: Ahmed | F12: A | G12: =_xlfn.XLOOKUP(E12,B12:B21,A12:A21,"not found",0) -> 109
A13: 110 | B13: Rida | C13: =_xlfn.XLOOKUP(B13,E13:E22,F13:F22) -> B+ | E13: Rida | F13: B+ | G13: =_xlfn.XLOOKUP(E13,B13:B22,A13:A22,"not found",0) -> 110
A16: Sometimes, your lookup value isn’t found in the table — Excel shows #N/A.
A17: To handle that, XLOOKUP has a “if not found” argument.
A19: ✅ Example:
A20: XLOOKUP("Tara", A2:A11, C2:C11, "Not Found")
A21: =_xlfn.XLOOKUP("Tara", A2:A11, C2:C11, "Not Found") -> Not Found
A37: Now the Roll No and Grade are in different tables,
A38: so you can’t get the Grade directly from Roll No.

Sheet XLOOKUP across d
A1: 💬 Q5. How to use XLOOKUP across different sheets?
A3: Suppose: | E3: Roll number | F3: Student Name | G3: Grade | H3: Roll number
E4: =_xlfn.XLOOKUP(F4,'NA errors xlookup'!B4:B13,'NA errors xlookup'!A4:A13,"not found",0) -> 101 | F4: Asma | G4: A
A5: Your data is in Sheet1 (columns A to C) | E5: =_xlfn.XLOOKUP(F5,'NA errors xlookup'!B5:B14,'NA errors xlookup'!A5:A14,"not found",0) -> 102 | F5: Shaik | G5: B+
E6: =_xlfn.XLOOKUP(F6,'NA errors xlookup'!B6:B15,'NA errors xlookup'!A6:A15,"not found",0) -> 103 | F6: Manha | G6: A+
A7: You want to find roll number from Sheet2 | E7: =_xlfn.XLOOKUP(F7,'NA errors xlookup'!B7:B16,'NA errors xlookup'!A7:A16,"not found",0) -> 104 | F7: Taqi | G7: B
E8: =_xlfn.XLOOKUP(F8,'NA errors xlookup'!B8:B17,'NA errors xlookup'!A8:A17,"not found",0) -> 105 | F8: Danish | G8: A
E9: =_xlfn.XLOOKUP(F9,'NA errors xlookup'!B9:B18,'NA errors xlookup'!A9:A18,"not found",0) -> 106 | F9: Saniya | G9: A+
E10: =_xlfn.XLOOKUP(F10,'NA errors xlookup'!B10:B19,'NA errors xlookup'!A10:A19,"not found",0) -> 107 | F10: Zoya | G10: B
E11: =_xlfn.XLOOKUP(F11,'NA errors xlookup'!B11:B20,'NA errors xlookup'!A11:A20,"not found",0) -> 108 | F11: Rehan | G11: C
E12: =_xlfn.XLOOKUP(F12,'NA errors xlookup'!B12:B21,'NA errors xlookup'!A12:A21,"not found",0) -> 109 | F12: Ahmed | G12: A
E13: =_xlfn.XLOOKUP(F13,'NA errors xlookup'!B13:B22,'NA errors xlookup'!A13:A22,"not found",0) -> 110 | F13: Rida | G13: B+
A15: Explanation:
A17: A2 → lookup value (student name)
A19: Sheet1!A2:A11 → lookup array from Sheet1
A21: Sheet1!C2:C11 → return array from Sheet1
A23: "Not Found" → message if no match

Sheet Sheet3
